<metadata xml:lang="en"><Esri><CreaDate>20210908</CreaDate><CreaTime>11484100</CreaTime><ArcGISFormat>1.0</ArcGISFormat><SyncOnce>FALSE</SyncOnce><DataProperties><lineage><Process ToolSource="c:\program files\arcgis\pro\Resources\ArcToolbox\toolboxes\Data Management Tools.tbx\CopyFeatures" Date="20210908" Time="113141" Name="" export="">CopyFeatures CES4_final_acs3 "C:\Users\kranjbar\OneDrive - California OEHHA\Desktop\CES 4.0 Maps\CES 4.0 Final\CES 4.0 Final maps\CES 4.gdb\CES4_final_acs6" # # # #</Process><Process ToolSource="c:\program files\arcgis\pro\Resources\ArcToolbox\toolboxes\Data Management Tools.tbx\UpdateSchema" Date="20210908" Time="113823" Name="" export="">UpdateSchema "CIMDATA=&lt;CIMStandardDataConnection xsi:type='typens:CIMStandardDataConnection' xmlns:xsi='http://www.w3.org/2001/XMLSchema-instance' xmlns:xs='http://www.w3.org/2001/XMLSchema' xmlns:typens='http://www.esri.com/schemas/ArcGIS/2.2.0'&gt;&lt;WorkspaceConnectionString&gt;DATABASE=C:\Users\kranjbar\OneDrive - California OEHHA\Desktop\CES 4.0 Maps\CES 4.0 Final\CES 4.0 Final maps\CES 4.gdb&lt;/WorkspaceConnectionString&gt;&lt;WorkspaceFactory&gt;FileGDB&lt;/WorkspaceFactory&gt;&lt;Dataset&gt;CES4_final_acs6&lt;/Dataset&gt;&lt;DatasetType&gt;esriDTFeatureClass&lt;/DatasetType&gt;&lt;/CIMStandardDataConnection&gt;" &lt;operationSequence&gt;&lt;workflow&gt;&lt;AlterField&gt;&lt;field_name&gt;CES4_final_acs3_CES4_final_acs_Tract&lt;/field_name&gt;&lt;new_field_name&gt;Tract&lt;/new_field_name&gt;&lt;clear_field_alias&gt;False&lt;/clear_field_alias&gt;&lt;/AlterField&gt;&lt;/workflow&gt;&lt;workflow&gt;&lt;AlterField&gt;&lt;field_name&gt;CES4_final_acs3_ZIP&lt;/field_name&gt;&lt;new_field_name&gt;ZIP&lt;/new_field_name&gt;&lt;clear_field_alias&gt;False&lt;/clear_field_alias&gt;&lt;/AlterField&gt;&lt;/workflow&gt;&lt;workflow&gt;&lt;AlterField&gt;&lt;field_name&gt;CES4_final_acs3_City&lt;/field_name&gt;&lt;new_field_name&gt;City&lt;/new_field_name&gt;&lt;clear_field_alias&gt;False&lt;/clear_field_alias&gt;&lt;/AlterField&gt;&lt;/workflow&gt;&lt;workflow&gt;&lt;AlterField&gt;&lt;field_name&gt;CES4_final_acs3_Population&lt;/field_name&gt;&lt;new_field_name&gt;Population&lt;/new_field_name&gt;&lt;clear_field_alias&gt;False&lt;/clear_field_alias&gt;&lt;/AlterField&gt;&lt;/workflow&gt;&lt;workflow&gt;&lt;AlterField&gt;&lt;field_name&gt;CES4_final_acs3_CIscore&lt;/field_name&gt;&lt;new_field_name&gt;CIscore&lt;/new_field_name&gt;&lt;clear_field_alias&gt;False&lt;/clear_field_alias&gt;&lt;/AlterField&gt;&lt;/workflow&gt;&lt;workflow&gt;&lt;AlterField&gt;&lt;field_name&gt;CES4_final_acs3_CIscoreP&lt;/field_name&gt;&lt;new_field_name&gt;CIscoreP&lt;/new_field_name&gt;&lt;clear_field_alias&gt;False&lt;/clear_field_alias&gt;&lt;/AlterField&gt;&lt;/workflow&gt;&lt;workflow&gt;&lt;AlterField&gt;&lt;field_name&gt;CES4_final_acs3_Ozone&lt;/field_name&gt;&lt;new_field_name&gt;Ozone&lt;/new_field_name&gt;&lt;clear_field_alias&gt;False&lt;/clear_field_alias&gt;&lt;/AlterField&gt;&lt;/workflow&gt;&lt;workflow&gt;&lt;AlterField&gt;&lt;field_name&gt;CES4_final_acs3_Ozone_Pctl&lt;/field_name&gt;&lt;new_field_name&gt;Ozone_Pctl&lt;/new_field_name&gt;&lt;clear_field_alias&gt;False&lt;/clear_field_alias&gt;&lt;/AlterField&gt;&lt;/workflow&gt;&lt;workflow&gt;&lt;AlterField&gt;&lt;field_name&gt;CES4_final_acs3_PM2_5&lt;/field_name&gt;&lt;new_field_name&gt;PM2_5&lt;/new_field_name&gt;&lt;clear_field_alias&gt;False&lt;/clear_field_alias&gt;&lt;/AlterField&gt;&lt;/workflow&gt;&lt;workflow&gt;&lt;AlterField&gt;&lt;field_name&gt;CES4_final_acs3_PM2_5_Pctl&lt;/field_name&gt;&lt;new_field_name&gt;PM2_5_Pctl&lt;/new_field_name&gt;&lt;clear_field_alias&gt;False&lt;/clear_field_alias&gt;&lt;/AlterField&gt;&lt;/workflow&gt;&lt;workflow&gt;&lt;AlterField&gt;&lt;field_name&gt;CES4_final_acs3_Diesel_PM&lt;/field_name&gt;&lt;new_field_name&gt;Diesel_PM&lt;/new_field_name&gt;&lt;clear_field_alias&gt;False&lt;/clear_field_alias&gt;&lt;/AlterField&gt;&lt;/workflow&gt;&lt;workflow&gt;&lt;AlterField&gt;&lt;field_name&gt;CES4_final_acs3_Diesel_PM_Pctl&lt;/field_name&gt;&lt;new_field_name&gt;Diesel_PM_Pctl&lt;/new_field_name&gt;&lt;clear_field_alias&gt;False&lt;/clear_field_alias&gt;&lt;/AlterField&gt;&lt;/workflow&gt;&lt;workflow&gt;&lt;AlterField&gt;&lt;field_name&gt;CES4_final_acs3_Pesticides&lt;/field_name&gt;&lt;new_field_name&gt;Pesticides&lt;/new_field_name&gt;&lt;clear_field_alias&gt;False&lt;/clear_field_alias&gt;&lt;/AlterField&gt;&lt;/workflow&gt;&lt;workflow&gt;&lt;AlterField&gt;&lt;field_name&gt;CES4_final_acs3_Pesticides_Pctl&lt;/field_name&gt;&lt;new_field_name&gt;Pesticides_Pctl&lt;/new_field_name&gt;&lt;clear_field_alias&gt;False&lt;/clear_field_alias&gt;&lt;/AlterField&gt;&lt;/workflow&gt;&lt;workflow&gt;&lt;AlterField&gt;&lt;field_name&gt;CES4_final_acs3_Tox_Releases&lt;/field_name&gt;&lt;new_field_name&gt;Tox_Releases&lt;/new_field_name&gt;&lt;clear_field_alias&gt;False&lt;/clear_field_alias&gt;&lt;/AlterField&gt;&lt;/workflow&gt;&lt;workflow&gt;&lt;AlterField&gt;&lt;field_name&gt;CES4_final_acs3_Tox_Releases_Pctl&lt;/field_name&gt;&lt;new_field_name&gt;Tox_Releases_Pctl&lt;/new_field_name&gt;&lt;clear_field_alias&gt;False&lt;/clear_field_alias&gt;&lt;/AlterField&gt;&lt;/workflow&gt;&lt;workflow&gt;&lt;AlterField&gt;&lt;field_name&gt;CES4_final_acs3_Traffic&lt;/field_name&gt;&lt;new_field_name&gt;Traffic&lt;/new_field_name&gt;&lt;clear_field_alias&gt;False&lt;/clear_field_alias&gt;&lt;/AlterField&gt;&lt;/workflow&gt;&lt;workflow&gt;&lt;AlterField&gt;&lt;field_name&gt;CES4_final_acs3_Traffic_Pctl&lt;/field_name&gt;&lt;new_field_name&gt;Traffic_Pctl&lt;/new_field_name&gt;&lt;clear_field_alias&gt;False&lt;/clear_field_alias&gt;&lt;/AlterField&gt;&lt;/workflow&gt;&lt;workflow&gt;&lt;AlterField&gt;&lt;field_name&gt;CES4_final_acs3_Drinking_Water&lt;/field_name&gt;&lt;new_field_name&gt;Drinking_Water&lt;/new_field_name&gt;&lt;clear_field_alias&gt;False&lt;/clear_field_alias&gt;&lt;/AlterField&gt;&lt;/workflow&gt;&lt;workflow&gt;&lt;AlterField&gt;&lt;field_name&gt;CES4_final_acs3_DrinkingWaterPctl&lt;/field_name&gt;&lt;new_field_name&gt;DrinkingWaterPctl&lt;/new_field_name&gt;&lt;clear_field_alias&gt;False&lt;/clear_field_alias&gt;&lt;/AlterField&gt;&lt;/workflow&gt;&lt;workflow&gt;&lt;AlterField&gt;&lt;field_name&gt;CES4_final_acs3_Lead&lt;/field_name&gt;&lt;new_field_name&gt;Lead&lt;/new_field_name&gt;&lt;clear_field_alias&gt;False&lt;/clear_field_alias&gt;&lt;/AlterField&gt;&lt;/workflow&gt;&lt;workflow&gt;&lt;AlterField&gt;&lt;field_name&gt;CES4_final_acs3_Lead_Pctl&lt;/field_name&gt;&lt;new_field_name&gt;Lead_Pctl&lt;/new_field_name&gt;&lt;clear_field_alias&gt;False&lt;/clear_field_alias&gt;&lt;/AlterField&gt;&lt;/workflow&gt;&lt;workflow&gt;&lt;AlterField&gt;&lt;field_name&gt;CES4_final_acs3_Cleanups&lt;/field_name&gt;&lt;new_field_name&gt;Cleanups&lt;/new_field_name&gt;&lt;clear_field_alias&gt;False&lt;/clear_field_alias&gt;&lt;/AlterField&gt;&lt;/workflow&gt;&lt;workflow&gt;&lt;AlterField&gt;&lt;field_name&gt;CES4_final_acs3_Cleanups_Pctl&lt;/field_name&gt;&lt;new_field_name&gt;Cleanups_Pctl&lt;/new_field_name&gt;&lt;clear_field_alias&gt;False&lt;/clear_field_alias&gt;&lt;/AlterField&gt;&lt;/workflow&gt;&lt;workflow&gt;&lt;AlterField&gt;&lt;field_name&gt;CES4_final_acs3_GroundwaterThreats&lt;/field_name&gt;&lt;new_field_name&gt;GroundwaterThreats&lt;/new_field_name&gt;&lt;clear_field_alias&gt;False&lt;/clear_field_alias&gt;&lt;/AlterField&gt;&lt;/workflow&gt;&lt;workflow&gt;&lt;AlterField&gt;&lt;field_name&gt;CES4_final_acs3_GroundwaterThreats_Pctl&lt;/field_name&gt;&lt;new_field_name&gt;GroundwaterThreats_Pctl&lt;/new_field_name&gt;&lt;clear_field_alias&gt;False&lt;/clear_field_alias&gt;&lt;/AlterField&gt;&lt;/workflow&gt;&lt;workflow&gt;&lt;AlterField&gt;&lt;field_name&gt;CES4_final_acs3_Haz_Waste&lt;/field_name&gt;&lt;new_field_name&gt;Haz_Waste&lt;/new_field_name&gt;&lt;clear_field_alias&gt;False&lt;/clear_field_alias&gt;&lt;/AlterField&gt;&lt;/workflow&gt;&lt;workflow&gt;&lt;AlterField&gt;&lt;field_name&gt;CES4_final_acs3_Haz_Waste_Pctl&lt;/field_name&gt;&lt;new_field_name&gt;Haz_Waste_Pctl&lt;/new_field_name&gt;&lt;clear_field_alias&gt;False&lt;/clear_field_alias&gt;&lt;/AlterField&gt;&lt;/workflow&gt;&lt;workflow&gt;&lt;AlterField&gt;&lt;field_name&gt;CES4_final_acs3_Imp_Water_Bodies&lt;/field_name&gt;&lt;new_field_name&gt;Imp_Water_Bodies&lt;/new_field_name&gt;&lt;clear_field_alias&gt;False&lt;/clear_field_alias&gt;&lt;/AlterField&gt;&lt;/workflow&gt;&lt;workflow&gt;&lt;AlterField&gt;&lt;field_name&gt;CES4_final_acs3_Imp_Water_Bodies_Pctl&lt;/field_name&gt;&lt;new_field_name&gt;Imp_Water_Bodies_Pctl&lt;/new_field_name&gt;&lt;clear_field_alias&gt;False&lt;/clear_field_alias&gt;&lt;/AlterField&gt;&lt;/workflow&gt;&lt;workflow&gt;&lt;AlterField&gt;&lt;field_name&gt;CES4_final_acs3_Solid_Waste&lt;/field_name&gt;&lt;new_field_name&gt;Solid_Waste&lt;/new_field_name&gt;&lt;clear_field_alias&gt;False&lt;/clear_field_alias&gt;&lt;/AlterField&gt;&lt;/workflow&gt;&lt;workflow&gt;&lt;AlterField&gt;&lt;field_name&gt;CES4_final_acs3_Solid_Waste_Pctl&lt;/field_name&gt;&lt;new_field_name&gt;Solid_Waste_Pctl&lt;/new_field_name&gt;&lt;clear_field_alias&gt;False&lt;/clear_field_alias&gt;&lt;/AlterField&gt;&lt;/workflow&gt;&lt;workflow&gt;&lt;AlterField&gt;&lt;field_name&gt;CES4_final_acs3_Pollution&lt;/field_name&gt;&lt;new_field_name&gt;Pollution&lt;/new_field_name&gt;&lt;clear_field_alias&gt;False&lt;/clear_field_alias&gt;&lt;/AlterField&gt;&lt;/workflow&gt;&lt;workflow&gt;&lt;AlterField&gt;&lt;field_name&gt;CES4_final_acs3_PollutionScore&lt;/field_name&gt;&lt;new_field_name&gt;PollutionScore&lt;/new_field_name&gt;&lt;clear_field_alias&gt;False&lt;/clear_field_alias&gt;&lt;/AlterField&gt;&lt;/workflow&gt;&lt;workflow&gt;&lt;AlterField&gt;&lt;field_name&gt;CES4_final_acs3_Pollution_Pctl&lt;/field_name&gt;&lt;new_field_name&gt;Pollution_Pctl&lt;/new_field_name&gt;&lt;clear_field_alias&gt;False&lt;/clear_field_alias&gt;&lt;/AlterField&gt;&lt;/workflow&gt;&lt;workflow&gt;&lt;AlterField&gt;&lt;field_name&gt;CES4_final_acs3_Asthma&lt;/field_name&gt;&lt;new_field_name&gt;Asthma&lt;/new_field_name&gt;&lt;clear_field_alias&gt;False&lt;/clear_field_alias&gt;&lt;/AlterField&gt;&lt;/workflow&gt;&lt;workflow&gt;&lt;AlterField&gt;&lt;field_name&gt;CES4_final_acs3_Asthma_Pctl&lt;/field_name&gt;&lt;new_field_name&gt;Asthma_Pctl&lt;/new_field_name&gt;&lt;clear_field_alias&gt;False&lt;/clear_field_alias&gt;&lt;/AlterField&gt;&lt;/workflow&gt;&lt;workflow&gt;&lt;AlterField&gt;&lt;field_name&gt;CES4_final_acs3_Low_Birth_Weight&lt;/field_name&gt;&lt;new_field_name&gt;Low_Birth_Weight&lt;/new_field_name&gt;&lt;clear_field_alias&gt;False&lt;/clear_field_alias&gt;&lt;/AlterField&gt;&lt;/workflow&gt;&lt;workflow&gt;&lt;AlterField&gt;&lt;field_name&gt;CES4_final_acs3_LowBirthW_Pctl&lt;/field_name&gt;&lt;new_field_name&gt;LowBirthW_Pctl&lt;/new_field_name&gt;&lt;clear_field_alias&gt;False&lt;/clear_field_alias&gt;&lt;/AlterField&gt;&lt;/workflow&gt;&lt;workflow&gt;&lt;AlterField&gt;&lt;field_name&gt;CES4_final_acs3_Cardiovascular&lt;/field_name&gt;&lt;new_field_name&gt;Cardiovascular&lt;/new_field_name&gt;&lt;clear_field_alias&gt;False&lt;/clear_field_alias&gt;&lt;/AlterField&gt;&lt;/workflow&gt;&lt;workflow&gt;&lt;AlterField&gt;&lt;field_name&gt;CES4_final_acs3_Cardiovasc_Pctl&lt;/field_name&gt;&lt;new_field_name&gt;Cardiovasc_Pctl&lt;/new_field_name&gt;&lt;clear_field_alias&gt;False&lt;/clear_field_alias&gt;&lt;/AlterField&gt;&lt;/workflow&gt;&lt;workflow&gt;&lt;AlterField&gt;&lt;field_name&gt;CES4_final_acs3_Education&lt;/field_name&gt;&lt;new_field_name&gt;Education&lt;/new_field_name&gt;&lt;clear_field_alias&gt;False&lt;/clear_field_alias&gt;&lt;/AlterField&gt;&lt;/workflow&gt;&lt;workflow&gt;&lt;AlterField&gt;&lt;field_name&gt;CES4_final_acs3_Education_Pctl&lt;/field_name&gt;&lt;new_field_name&gt;Education_Pctl&lt;/new_field_name&gt;&lt;clear_field_alias&gt;False&lt;/clear_field_alias&gt;&lt;/AlterField&gt;&lt;/workflow&gt;&lt;workflow&gt;&lt;AlterField&gt;&lt;field_name&gt;CES4_final_acs3_Ling_Isol&lt;/field_name&gt;&lt;new_field_name&gt;Ling_Isol&lt;/new_field_name&gt;&lt;clear_field_alias&gt;False&lt;/clear_field_alias&gt;&lt;/AlterField&gt;&lt;/workflow&gt;&lt;workflow&gt;&lt;AlterField&gt;&lt;field_name&gt;CES4_final_acs3_Ling_Isol_Pctl&lt;/field_name&gt;&lt;new_field_name&gt;Ling_Isol_Pctl&lt;/new_field_name&gt;&lt;clear_field_alias&gt;False&lt;/clear_field_alias&gt;&lt;/AlterField&gt;&lt;/workflow&gt;&lt;workflow&gt;&lt;AlterField&gt;&lt;field_name&gt;CES4_final_acs3_Poverty&lt;/field_name&gt;&lt;new_field_name&gt;Poverty&lt;/new_field_name&gt;&lt;clear_field_alias&gt;False&lt;/clear_field_alias&gt;&lt;/AlterField&gt;&lt;/workflow&gt;&lt;workflow&gt;&lt;AlterField&gt;&lt;field_name&gt;CES4_final_acs3_Poverty_Pctl&lt;/field_name&gt;&lt;new_field_name&gt;Poverty_Pctl&lt;/new_field_name&gt;&lt;clear_field_alias&gt;False&lt;/clear_field_alias&gt;&lt;/AlterField&gt;&lt;/workflow&gt;&lt;workflow&gt;&lt;AlterField&gt;&lt;field_name&gt;CES4_final_acs3_Unemployment&lt;/field_name&gt;&lt;new_field_name&gt;Unemployment&lt;/new_field_name&gt;&lt;clear_field_alias&gt;False&lt;/clear_field_alias&gt;&lt;/AlterField&gt;&lt;/workflow&gt;&lt;workflow&gt;&lt;AlterField&gt;&lt;field_name&gt;CES4_final_acs3_Unemploy_Pctl&lt;/field_name&gt;&lt;new_field_name&gt;Unemploy_Pctl&lt;/new_field_name&gt;&lt;clear_field_alias&gt;False&lt;/clear_field_alias&gt;&lt;/AlterField&gt;&lt;/workflow&gt;&lt;workflow&gt;&lt;AlterField&gt;&lt;field_name&gt;CES4_final_acs3_HousBurd&lt;/field_name&gt;&lt;new_field_name&gt;HousBurd&lt;/new_field_name&gt;&lt;clear_field_alias&gt;False&lt;/clear_field_alias&gt;&lt;/AlterField&gt;&lt;/workflow&gt;&lt;workflow&gt;&lt;AlterField&gt;&lt;field_name&gt;CES4_final_acs3_HousBurd_Pctl&lt;/field_name&gt;&lt;new_field_name&gt;HousBurd_Pctl&lt;/new_field_name&gt;&lt;clear_field_alias&gt;False&lt;/clear_field_alias&gt;&lt;/AlterField&gt;&lt;/workflow&gt;&lt;workflow&gt;&lt;AlterField&gt;&lt;field_name&gt;CES4_final_acs3_PopChar&lt;/field_name&gt;&lt;new_field_name&gt;PopChar&lt;/new_field_name&gt;&lt;clear_field_alias&gt;False&lt;/clear_field_alias&gt;&lt;/AlterField&gt;&lt;/workflow&gt;&lt;workflow&gt;&lt;AlterField&gt;&lt;field_name&gt;CES4_final_acs3_PopCharScore&lt;/field_name&gt;&lt;new_field_name&gt;PopCharScore&lt;/new_field_name&gt;&lt;clear_field_alias&gt;False&lt;/clear_field_alias&gt;&lt;/AlterField&gt;&lt;/workflow&gt;&lt;workflow&gt;&lt;AlterField&gt;&lt;field_name&gt;CES4_final_acs3_PopCharP&lt;/field_name&gt;&lt;new_field_name&gt;PopCharP&lt;/new_field_name&gt;&lt;clear_field_alias&gt;False&lt;/clear_field_alias&gt;&lt;/AlterField&gt;&lt;/workflow&gt;&lt;workflow&gt;&lt;AlterField&gt;&lt;field_name&gt;acs_pcts_csv_Child_10&lt;/field_name&gt;&lt;new_field_name&gt;Child_10&lt;/new_field_name&gt;&lt;clear_field_alias&gt;False&lt;/clear_field_alias&gt;&lt;/AlterField&gt;&lt;/workflow&gt;&lt;workflow&gt;&lt;AlterField&gt;&lt;field_name&gt;acs_pcts_csv_Pop_10_64&lt;/field_name&gt;&lt;new_field_name&gt;Pop_10_64&lt;/new_field_name&gt;&lt;clear_field_alias&gt;False&lt;/clear_field_alias&gt;&lt;/AlterField&gt;&lt;/workflow&gt;&lt;workflow&gt;&lt;AlterField&gt;&lt;field_name&gt;acs_pcts_csv_Elderly_65&lt;/field_name&gt;&lt;new_field_name&gt;Elderly_65&lt;/new_field_name&gt;&lt;clear_field_alias&gt;False&lt;/clear_field_alias&gt;&lt;/AlterField&gt;&lt;/workflow&gt;&lt;workflow&gt;&lt;AlterField&gt;&lt;field_name&gt;acs_pcts_csv_Hispanic&lt;/field_name&gt;&lt;new_field_name&gt;Hispanic&lt;/new_field_name&gt;&lt;clear_field_alias&gt;False&lt;/clear_field_alias&gt;&lt;/AlterField&gt;&lt;/workflow&gt;&lt;workflow&gt;&lt;AlterField&gt;&lt;field_name&gt;acs_pcts_csv_White&lt;/field_name&gt;&lt;new_field_name&gt;White&lt;/new_field_name&gt;&lt;clear_field_alias&gt;False&lt;/clear_field_alias&gt;&lt;/AlterField&gt;&lt;/workflow&gt;&lt;workflow&gt;&lt;AlterField&gt;&lt;field_name&gt;acs_pcts_csv_African_American&lt;/field_name&gt;&lt;new_field_name&gt;African_American&lt;/new_field_name&gt;&lt;clear_field_alias&gt;False&lt;/clear_field_alias&gt;&lt;/AlterField&gt;&lt;/workflow&gt;&lt;workflow&gt;&lt;AlterField&gt;&lt;field_name&gt;acs_pcts_csv_Native_American&lt;/field_name&gt;&lt;new_field_name&gt;Native_American&lt;/new_field_name&gt;&lt;clear_field_alias&gt;False&lt;/clear_field_alias&gt;&lt;/AlterField&gt;&lt;/workflow&gt;&lt;workflow&gt;&lt;AlterField&gt;&lt;field_name&gt;acs_pcts_csv_Asian_American&lt;/field_name&gt;&lt;new_field_name&gt;Asian_American&lt;/new_field_name&gt;&lt;clear_field_alias&gt;False&lt;/clear_field_alias&gt;&lt;/AlterField&gt;&lt;/workflow&gt;&lt;workflow&gt;&lt;AlterField&gt;&lt;field_name&gt;acs_pcts_csv_Pacific_Islander&lt;/field_name&gt;&lt;new_field_name&gt;Pacific_Islander&lt;/new_field_name&gt;&lt;clear_field_alias&gt;False&lt;/clear_field_alias&gt;&lt;/AlterField&gt;&lt;/workflow&gt;&lt;workflow&gt;&lt;AlterField&gt;&lt;field_name&gt;acs_pcts_csv_Other_Multiple&lt;/field_name&gt;&lt;new_field_name&gt;Other_Multiple&lt;/new_field_name&gt;&lt;clear_field_alias&gt;False&lt;/clear_field_alias&gt;&lt;/AlterField&gt;&lt;/workflow&gt;&lt;/operationSequence&gt;</Process><Process ToolSource="c:\program files\arcgis\pro\Resources\ArcToolbox\toolboxes\Data Management Tools.tbx\UpdateSchema" Date="20210908" Time="113909" Name="" export="">UpdateSchema "CIMDATA=&lt;CIMStandardDataConnection xsi:type='typens:CIMStandardDataConnection' xmlns:xsi='http://www.w3.org/2001/XMLSchema-instance' xmlns:xs='http://www.w3.org/2001/XMLSchema' xmlns:typens='http://www.esri.com/schemas/ArcGIS/2.2.0'&gt;&lt;WorkspaceConnectionString&gt;DATABASE=C:\Users\kranjbar\OneDrive - California OEHHA\Desktop\CES 4.0 Maps\CES 4.0 Final\CES 4.0 Final maps\CES 4.gdb&lt;/WorkspaceConnectionString&gt;&lt;WorkspaceFactory&gt;FileGDB&lt;/WorkspaceFactory&gt;&lt;Dataset&gt;CES4_final_acs6&lt;/Dataset&gt;&lt;DatasetType&gt;esriDTFeatureClass&lt;/DatasetType&gt;&lt;/CIMStandardDataConnection&gt;" &lt;operationSequence&gt;&lt;workflow&gt;&lt;DeleteField&gt;&lt;field_name&gt;CES4_final_acs3_Child_10&lt;/field_name&gt;&lt;field_name&gt;CES4_final_acs3_Pop_10_64&lt;/field_name&gt;&lt;field_name&gt;CES4_final_acs3_Elderly_65&lt;/field_name&gt;&lt;field_name&gt;CES4_final_acs3_Hispanic&lt;/field_name&gt;&lt;field_name&gt;CES4_final_acs3_White&lt;/field_name&gt;&lt;field_name&gt;CES4_final_acs3_African_American&lt;/field_name&gt;&lt;field_name&gt;CES4_final_acs3_Native_American&lt;/field_name&gt;&lt;field_name&gt;CES4_final_acs3_Asian_American&lt;/field_name&gt;&lt;/DeleteField&gt;&lt;/workflow&gt;&lt;/operationSequence&gt;</Process><Process ToolSource="c:\program files\arcgis\pro\Resources\ArcToolbox\toolboxes\Data Management Tools.tbx\UpdateSchema" Date="20210908" Time="113927" Name="" export="">UpdateSchema "CIMDATA=&lt;CIMStandardDataConnection xsi:type='typens:CIMStandardDataConnection' xmlns:xsi='http://www.w3.org/2001/XMLSchema-instance' xmlns:xs='http://www.w3.org/2001/XMLSchema' xmlns:typens='http://www.esri.com/schemas/ArcGIS/2.2.0'&gt;&lt;WorkspaceConnectionString&gt;DATABASE=C:\Users\kranjbar\OneDrive - California OEHHA\Desktop\CES 4.0 Maps\CES 4.0 Final\CES 4.0 Final maps\CES 4.gdb&lt;/WorkspaceConnectionString&gt;&lt;WorkspaceFactory&gt;FileGDB&lt;/WorkspaceFactory&gt;&lt;Dataset&gt;CES4_final_acs6&lt;/Dataset&gt;&lt;DatasetType&gt;esriDTFeatureClass&lt;/DatasetType&gt;&lt;/CIMStandardDataConnection&gt;" &lt;operationSequence&gt;&lt;workflow&gt;&lt;DeleteField&gt;&lt;field_name&gt;CES4_final_acs3_Pacific_Islander&lt;/field_name&gt;&lt;field_name&gt;CES4_final_acs3_Other_Multiple&lt;/field_name&gt;&lt;field_name&gt;acs_pcts_csv_Tract&lt;/field_name&gt;&lt;/DeleteField&gt;&lt;/workflow&gt;&lt;/operationSequence&gt;</Process><Process ToolSource="c:\program files\arcgis\pro\Resources\ArcToolbox\toolboxes\Data Management Tools.tbx\UpdateSchema" Date="20210908" Time="114302" Name="" export="">UpdateSchema "CIMDATA=&lt;CIMStandardDataConnection xsi:type='typens:CIMStandardDataConnection' xmlns:xsi='http://www.w3.org/2001/XMLSchema-instance' xmlns:xs='http://www.w3.org/2001/XMLSchema' xmlns:typens='http://www.esri.com/schemas/ArcGIS/2.2.0'&gt;&lt;WorkspaceConnectionString&gt;DATABASE=C:\Users\kranjbar\OneDrive - California OEHHA\Desktop\CES 4.0 Maps\CES 4.0 Final\CES 4.0 Final maps\CES 4.gdb&lt;/WorkspaceConnectionString&gt;&lt;WorkspaceFactory&gt;FileGDB&lt;/WorkspaceFactory&gt;&lt;Dataset&gt;CES4_final_acs6&lt;/Dataset&gt;&lt;DatasetType&gt;esriDTFeatureClass&lt;/DatasetType&gt;&lt;/CIMStandardDataConnection&gt;" &lt;operationSequence&gt;&lt;workflow&gt;&lt;AlterField&gt;&lt;field_name&gt;GroundwaterThreats_Pctl&lt;/field_name&gt;&lt;new_field_name&gt;GW_Threats_Pctl&lt;/new_field_name&gt;&lt;clear_field_alias&gt;False&lt;/clear_field_alias&gt;&lt;/AlterField&gt;&lt;/workflow&gt;&lt;workflow&gt;&lt;AlterField&gt;&lt;field_name&gt;Imp_Water_Bodies_Pctl&lt;/field_name&gt;&lt;new_field_name&gt;ImpWaterBodPctl&lt;/new_field_name&gt;&lt;clear_field_alias&gt;False&lt;/clear_field_alias&gt;&lt;/AlterField&gt;&lt;/workflow&gt;&lt;/operationSequence&gt;</Process><Process ToolSource="c:\program files\arcgis\pro\Resources\ArcToolbox\toolboxes\Data Management Tools.tbx\Copy" Date="20210908" Time="114842" Name="" export="">Copy "C:\Users\kranjbar\OneDrive - California OEHHA\Desktop\CES 4.0 Maps\CES 4.0 Final\CES 4.0 Final maps\CES 4.gdb\CES4_final_acs6 " "C:\Users\kranjbar\OneDrive - California OEHHA\Desktop\CES 4.0 Maps\CES 4.0 Final\CES 4.0 Final maps\CES 4.0 Final.gdb\CES4_final_acs6" FeatureClass #</Process><Process ToolSource="c:\program files\arcgis\pro\Resources\ArcToolbox\toolboxes\Data Management Tools.tbx\Rename" Date="20210908" Time="114855" Name="" export="">Rename "C:\Users\kranjbar\OneDrive - California OEHHA\Desktop\CES 4.0 Maps\CES 4.0 Final\CES 4.0 Final maps\CES 4.0 Final.gdb\CES4_final_acs6" "C:\Users\kranjbar\OneDrive - California OEHHA\Desktop\CES 4.0 Maps\CES 4.0 Final\CES 4.0 Final maps\CES 4.0 Final.gdb\CES4_final" FeatureClass</Process><Process ToolSource="c:\program files\arcgis\pro\Resources\ArcToolbox\toolboxes\Conversion Tools.tbx\FeatureClassToFeatureClass" Date="20210908" Time="115333" Name="" export="">FeatureClassToFeatureClass "C:\Users\kranjbar\OneDrive - California OEHHA\Desktop\CES 4.0 Maps\CES 4.0 Final\CES 4.0 Final maps\CES 4.0 Final.gdb\CES4_final" "C:\Users\kranjbar\OneDrive - California OEHHA\Desktop\CES 4.0 Maps\CES 4.0 Final\CES 4.0 Final maps" CES4_final.shp # "Tract "Tract" true true false 8 Double 0 0,First,#,C:\Users\kranjbar\OneDrive - California OEHHA\Desktop\CES 4.0 Maps\CES 4.0 Final\CES 4.0 Final maps\CES 4.0 Final.gdb\CES4_final,Tract,-1,-1;ZIP "ZIP" true true false 255 Text 0 0,First,#,C:\Users\kranjbar\OneDrive - California OEHHA\Desktop\CES 4.0 Maps\CES 4.0 Final\CES 4.0 Final maps\CES 4.0 Final.gdb\CES4_final,ZIP,0,255;City "City" true true false 255 Text 0 0,First,#,C:\Users\kranjbar\OneDrive - California OEHHA\Desktop\CES 4.0 Maps\CES 4.0 Final\CES 4.0 Final maps\CES 4.0 Final.gdb\CES4_final,City,0,255;Population "Population" true true false 4 Long 0 0,First,#,C:\Users\kranjbar\OneDrive - California OEHHA\Desktop\CES 4.0 Maps\CES 4.0 Final\CES 4.0 Final maps\CES 4.0 Final.gdb\CES4_final,Population,-1,-1;CIscore "CIscore" true true false 8 Double 0 0,First,#,C:\Users\kranjbar\OneDrive - California OEHHA\Desktop\CES 4.0 Maps\CES 4.0 Final\CES 4.0 Final maps\CES 4.0 Final.gdb\CES4_final,CIscore,-1,-1;CIscoreP "CIscoreP" true true false 8 Double 0 0,First,#,C:\Users\kranjbar\OneDrive - California OEHHA\Desktop\CES 4.0 Maps\CES 4.0 Final\CES 4.0 Final maps\CES 4.0 Final.gdb\CES4_final,CIscoreP,-1,-1;Ozone "Ozone" true true false 8 Double 0 0,First,#,C:\Users\kranjbar\OneDrive - California OEHHA\Desktop\CES 4.0 Maps\CES 4.0 Final\CES 4.0 Final maps\CES 4.0 Final.gdb\CES4_final,Ozone,-1,-1;Ozone_Pctl "OzoneP" true true false 8 Double 0 0,First,#,C:\Users\kranjbar\OneDrive - California OEHHA\Desktop\CES 4.0 Maps\CES 4.0 Final\CES 4.0 Final maps\CES 4.0 Final.gdb\CES4_final,Ozone_Pctl,-1,-1;PM2_5 "PM2.5" true true false 8 Double 0 0,First,#,C:\Users\kranjbar\OneDrive - California OEHHA\Desktop\CES 4.0 Maps\CES 4.0 Final\CES 4.0 Final maps\CES 4.0 Final.gdb\CES4_final,PM2_5,-1,-1;PM2_5_Pctl "PM2.5 Pctl" true true false 8 Double 0 0,First,#,C:\Users\kranjbar\OneDrive - California OEHHA\Desktop\CES 4.0 Maps\CES 4.0 Final\CES 4.0 Final maps\CES 4.0 Final.gdb\CES4_final,PM2_5_Pctl,-1,-1;Diesel_PM "Diesel PM" true true false 8 Double 0 0,First,#,C:\Users\kranjbar\OneDrive - California OEHHA\Desktop\CES 4.0 Maps\CES 4.0 Final\CES 4.0 Final maps\CES 4.0 Final.gdb\CES4_final,Diesel_PM,-1,-1;Diesel_PM_ "Diesel PM Pctl" true true false 8 Double 0 0,First,#,C:\Users\kranjbar\OneDrive - California OEHHA\Desktop\CES 4.0 Maps\CES 4.0 Final\CES 4.0 Final maps\CES 4.0 Final.gdb\CES4_final,Diesel_PM_Pctl,-1,-1;Pesticides "Pesticides" true true false 8 Double 0 0,First,#,C:\Users\kranjbar\OneDrive - California OEHHA\Desktop\CES 4.0 Maps\CES 4.0 Final\CES 4.0 Final maps\CES 4.0 Final.gdb\CES4_final,Pesticides,-1,-1;Pesticid_1 "Pesticides Pctl" true true false 8 Double 0 0,First,#,C:\Users\kranjbar\OneDrive - California OEHHA\Desktop\CES 4.0 Maps\CES 4.0 Final\CES 4.0 Final maps\CES 4.0 Final.gdb\CES4_final,Pesticides_Pctl,-1,-1;Tox_Releas "Tox Releases" true true false 8 Double 0 0,First,#,C:\Users\kranjbar\OneDrive - California OEHHA\Desktop\CES 4.0 Maps\CES 4.0 Final\CES 4.0 Final maps\CES 4.0 Final.gdb\CES4_final,Tox_Releases,-1,-1;Tox_Rele_1 "Tox Releases Pctl" true true false 8 Double 0 0,First,#,C:\Users\kranjbar\OneDrive - California OEHHA\Desktop\CES 4.0 Maps\CES 4.0 Final\CES 4.0 Final maps\CES 4.0 Final.gdb\CES4_final,Tox_Releases_Pctl,-1,-1;Traffic "Traffic" true true false 8 Double 0 0,First,#,C:\Users\kranjbar\OneDrive - California OEHHA\Desktop\CES 4.0 Maps\CES 4.0 Final\CES 4.0 Final maps\CES 4.0 Final.gdb\CES4_final,Traffic,-1,-1;Traffic_Pc "Traffic Pctl" true true false 8 Double 0 0,First,#,C:\Users\kranjbar\OneDrive - California OEHHA\Desktop\CES 4.0 Maps\CES 4.0 Final\CES 4.0 Final maps\CES 4.0 Final.gdb\CES4_final,Traffic_Pctl,-1,-1;Drinking_W "Drinking Water" true true false 8 Double 0 0,First,#,C:\Users\kranjbar\OneDrive - California OEHHA\Desktop\CES 4.0 Maps\CES 4.0 Final\CES 4.0 Final maps\CES 4.0 Final.gdb\CES4_final,Drinking_Water,-1,-1;DrinkingWa "Drinking Water Pctl" true true false 8 Double 0 0,First,#,C:\Users\kranjbar\OneDrive - California OEHHA\Desktop\CES 4.0 Maps\CES 4.0 Final\CES 4.0 Final maps\CES 4.0 Final.gdb\CES4_final,DrinkingWaterPctl,-1,-1;Lead "Lead" true true false 8 Double 0 0,First,#,C:\Users\kranjbar\OneDrive - California OEHHA\Desktop\CES 4.0 Maps\CES 4.0 Final\CES 4.0 Final maps\CES 4.0 Final.gdb\CES4_final,Lead,-1,-1;Lead_Pctl "Lead Pctl" true true false 8 Double 0 0,First,#,C:\Users\kranjbar\OneDrive - California OEHHA\Desktop\CES 4.0 Maps\CES 4.0 Final\CES 4.0 Final maps\CES 4.0 Final.gdb\CES4_final,Lead_Pctl,-1,-1;Cleanups "Cleanups" true true false 8 Double 0 0,First,#,C:\Users\kranjbar\OneDrive - California OEHHA\Desktop\CES 4.0 Maps\CES 4.0 Final\CES 4.0 Final maps\CES 4.0 Final.gdb\CES4_final,Cleanups,-1,-1;Cleanups_P "Cleanups Pctl" true true false 8 Double 0 0,First,#,C:\Users\kranjbar\OneDrive - California OEHHA\Desktop\CES 4.0 Maps\CES 4.0 Final\CES 4.0 Final maps\CES 4.0 Final.gdb\CES4_final,Cleanups_Pctl,-1,-1;Groundwate "Groundwater Threats" true true false 8 Double 0 0,First,#,C:\Users\kranjbar\OneDrive - California OEHHA\Desktop\CES 4.0 Maps\CES 4.0 Final\CES 4.0 Final maps\CES 4.0 Final.gdb\CES4_final,GroundwaterThreats,-1,-1;GW_Threats "Groundwater Threats Pctl" true true false 8 Double 0 0,First,#,C:\Users\kranjbar\OneDrive - California OEHHA\Desktop\CES 4.0 Maps\CES 4.0 Final\CES 4.0 Final maps\CES 4.0 Final.gdb\CES4_final,GW_Threats_Pctl,-1,-1;Haz_Waste "Hazardous Waste" true true false 8 Double 0 0,First,#,C:\Users\kranjbar\OneDrive - California OEHHA\Desktop\CES 4.0 Maps\CES 4.0 Final\CES 4.0 Final maps\CES 4.0 Final.gdb\CES4_final,Haz_Waste,-1,-1;Haz_Waste_ "Hazardous Waste Pctl" true true false 8 Double 0 0,First,#,C:\Users\kranjbar\OneDrive - California OEHHA\Desktop\CES 4.0 Maps\CES 4.0 Final\CES 4.0 Final maps\CES 4.0 Final.gdb\CES4_final,Haz_Waste_Pctl,-1,-1;Imp_Water_ "Imp. Water Bodies" true true false 4 Long 0 0,First,#,C:\Users\kranjbar\OneDrive - California OEHHA\Desktop\CES 4.0 Maps\CES 4.0 Final\CES 4.0 Final maps\CES 4.0 Final.gdb\CES4_final,Imp_Water_Bodies,-1,-1;ImpWaterBo "Imp. Water Bodies" true true false 8 Double 0 0,First,#,C:\Users\kranjbar\OneDrive - California OEHHA\Desktop\CES 4.0 Maps\CES 4.0 Final\CES 4.0 Final maps\CES 4.0 Final.gdb\CES4_final,ImpWaterBodPctl,-1,-1;Solid_Wast "Solid Waste" true true false 8 Double 0 0,First,#,C:\Users\kranjbar\OneDrive - California OEHHA\Desktop\CES 4.0 Maps\CES 4.0 Final\CES 4.0 Final maps\CES 4.0 Final.gdb\CES4_final,Solid_Waste,-1,-1;Solid_Wa_1 "Solid Waste Pctl" true true false 8 Double 0 0,First,#,C:\Users\kranjbar\OneDrive - California OEHHA\Desktop\CES 4.0 Maps\CES 4.0 Final\CES 4.0 Final maps\CES 4.0 Final.gdb\CES4_final,Solid_Waste_Pctl,-1,-1;Pollution "Pollution" true true false 8 Double 0 0,First,#,C:\Users\kranjbar\OneDrive - California OEHHA\Desktop\CES 4.0 Maps\CES 4.0 Final\CES 4.0 Final maps\CES 4.0 Final.gdb\CES4_final,Pollution,-1,-1;PollutionS "Pollution Score" true true false 8 Double 0 0,First,#,C:\Users\kranjbar\OneDrive - California OEHHA\Desktop\CES 4.0 Maps\CES 4.0 Final\CES 4.0 Final maps\CES 4.0 Final.gdb\CES4_final,PollutionScore,-1,-1;Pollution_ "Pollution Pctl" true true false 8 Double 0 0,First,#,C:\Users\kranjbar\OneDrive - California OEHHA\Desktop\CES 4.0 Maps\CES 4.0 Final\CES 4.0 Final maps\CES 4.0 Final.gdb\CES4_final,Pollution_Pctl,-1,-1;Asthma "Asthma" true true false 8 Double 0 0,First,#,C:\Users\kranjbar\OneDrive - California OEHHA\Desktop\CES 4.0 Maps\CES 4.0 Final\CES 4.0 Final maps\CES 4.0 Final.gdb\CES4_final,Asthma,-1,-1;Asthma_Pct "Asthma Pctl" true true false 8 Double 0 0,First,#,C:\Users\kranjbar\OneDrive - California OEHHA\Desktop\CES 4.0 Maps\CES 4.0 Final\CES 4.0 Final maps\CES 4.0 Final.gdb\CES4_final,Asthma_Pctl,-1,-1;Low_Birth_ "Low Birth Weight" true true false 8 Double 0 0,First,#,C:\Users\kranjbar\OneDrive - California OEHHA\Desktop\CES 4.0 Maps\CES 4.0 Final\CES 4.0 Final maps\CES 4.0 Final.gdb\CES4_final,Low_Birth_Weight,-1,-1;LowBirthW_ "Low Birth Weight Pctl" true true false 8 Double 0 0,First,#,C:\Users\kranjbar\OneDrive - California OEHHA\Desktop\CES 4.0 Maps\CES 4.0 Final\CES 4.0 Final maps\CES 4.0 Final.gdb\CES4_final,LowBirthW_Pctl,-1,-1;Cardiovasc "Cardiovascular" true true false 8 Double 0 0,First,#,C:\Users\kranjbar\OneDrive - California OEHHA\Desktop\CES 4.0 Maps\CES 4.0 Final\CES 4.0 Final maps\CES 4.0 Final.gdb\CES4_final,Cardiovascular,-1,-1;Cardiova_1 "Cardiovascular Pctl" true true false 8 Double 0 0,First,#,C:\Users\kranjbar\OneDrive - California OEHHA\Desktop\CES 4.0 Maps\CES 4.0 Final\CES 4.0 Final maps\CES 4.0 Final.gdb\CES4_final,Cardiovasc_Pctl,-1,-1;Education "Education" true true false 8 Double 0 0,First,#,C:\Users\kranjbar\OneDrive - California OEHHA\Desktop\CES 4.0 Maps\CES 4.0 Final\CES 4.0 Final maps\CES 4.0 Final.gdb\CES4_final,Education,-1,-1;Education_ "Education Pctl" true true false 8 Double 0 0,First,#,C:\Users\kranjbar\OneDrive - California OEHHA\Desktop\CES 4.0 Maps\CES 4.0 Final\CES 4.0 Final maps\CES 4.0 Final.gdb\CES4_final,Education_Pctl,-1,-1;Ling_Isol "Linguistic Isolation" true true false 8 Double 0 0,First,#,C:\Users\kranjbar\OneDrive - California OEHHA\Desktop\CES 4.0 Maps\CES 4.0 Final\CES 4.0 Final maps\CES 4.0 Final.gdb\CES4_final,Ling_Isol,-1,-1;Ling_Isol_ "Linguistic Isolation Pctl" true true false 8 Double 0 0,First,#,C:\Users\kranjbar\OneDrive - California OEHHA\Desktop\CES 4.0 Maps\CES 4.0 Final\CES 4.0 Final maps\CES 4.0 Final.gdb\CES4_final,Ling_Isol_Pctl,-1,-1;Poverty "Poverty" true true false 8 Double 0 0,First,#,C:\Users\kranjbar\OneDrive - California OEHHA\Desktop\CES 4.0 Maps\CES 4.0 Final\CES 4.0 Final maps\CES 4.0 Final.gdb\CES4_final,Poverty,-1,-1;Poverty_Pc "Poverty Pctl" true true false 8 Double 0 0,First,#,C:\Users\kranjbar\OneDrive - California OEHHA\Desktop\CES 4.0 Maps\CES 4.0 Final\CES 4.0 Final maps\CES 4.0 Final.gdb\CES4_final,Poverty_Pctl,-1,-1;Unemployme "Unemployment" true true false 8 Double 0 0,First,#,C:\Users\kranjbar\OneDrive - California OEHHA\Desktop\CES 4.0 Maps\CES 4.0 Final\CES 4.0 Final maps\CES 4.0 Final.gdb\CES4_final,Unemployment,-1,-1;Unemploy_P "Unemployment Pctl" true true false 8 Double 0 0,First,#,C:\Users\kranjbar\OneDrive - California OEHHA\Desktop\CES 4.0 Maps\CES 4.0 Final\CES 4.0 Final maps\CES 4.0 Final.gdb\CES4_final,Unemploy_Pctl,-1,-1;HousBurd "Housing Burden" true true false 8 Double 0 0,First,#,C:\Users\kranjbar\OneDrive - California OEHHA\Desktop\CES 4.0 Maps\CES 4.0 Final\CES 4.0 Final maps\CES 4.0 Final.gdb\CES4_final,HousBurd,-1,-1;HousBurd_P "Housing Burden Pctl" true true false 8 Double 0 0,First,#,C:\Users\kranjbar\OneDrive - California OEHHA\Desktop\CES 4.0 Maps\CES 4.0 Final\CES 4.0 Final maps\CES 4.0 Final.gdb\CES4_final,HousBurd_Pctl,-1,-1;PopChar "Pop. Characteristics" true true false 8 Double 0 0,First,#,C:\Users\kranjbar\OneDrive - California OEHHA\Desktop\CES 4.0 Maps\CES 4.0 Final\CES 4.0 Final maps\CES 4.0 Final.gdb\CES4_final,PopChar,-1,-1;PopCharSco "Pop. Characteristics Score" true true false 8 Double 0 0,First,#,C:\Users\kranjbar\OneDrive - California OEHHA\Desktop\CES 4.0 Maps\CES 4.0 Final\CES 4.0 Final maps\CES 4.0 Final.gdb\CES4_final,PopCharScore,-1,-1;PopCharP "Pop. Characteristics Pctl" true true false 8 Double 0 0,First,#,C:\Users\kranjbar\OneDrive - California OEHHA\Desktop\CES 4.0 Maps\CES 4.0 Final\CES 4.0 Final maps\CES 4.0 Final.gdb\CES4_final,PopCharP,-1,-1;Child_10 "Child_10" true true false 8 Double 0 0,First,#,C:\Users\kranjbar\OneDrive - California OEHHA\Desktop\CES 4.0 Maps\CES 4.0 Final\CES 4.0 Final maps\CES 4.0 Final.gdb\CES4_final,Child_10,-1,-1;Pop_10_64 "Pop_10_64" true true false 8 Double 0 0,First,#,C:\Users\kranjbar\OneDrive - California OEHHA\Desktop\CES 4.0 Maps\CES 4.0 Final\CES 4.0 Final maps\CES 4.0 Final.gdb\CES4_final,Pop_10_64,-1,-1;Elderly_65 "Elderly_65" true true false 8 Double 0 0,First,#,C:\Users\kranjbar\OneDrive - California OEHHA\Desktop\CES 4.0 Maps\CES 4.0 Final\CES 4.0 Final maps\CES 4.0 Final.gdb\CES4_final,Elderly_65,-1,-1;Hispanic "Hispanic" true true false 8 Double 0 0,First,#,C:\Users\kranjbar\OneDrive - California OEHHA\Desktop\CES 4.0 Maps\CES 4.0 Final\CES 4.0 Final maps\CES 4.0 Final.gdb\CES4_final,Hispanic,-1,-1;White "White" true true false 8 Double 0 0,First,#,C:\Users\kranjbar\OneDrive - California OEHHA\Desktop\CES 4.0 Maps\CES 4.0 Final\CES 4.0 Final maps\CES 4.0 Final.gdb\CES4_final,White,-1,-1;African_Am "African_American" true true false 8 Double 0 0,First,#,C:\Users\kranjbar\OneDrive - California OEHHA\Desktop\CES 4.0 Maps\CES 4.0 Final\CES 4.0 Final maps\CES 4.0 Final.gdb\CES4_final,African_American,-1,-1;Native_Ame "Native_American" true true false 8 Double 0 0,First,#,C:\Users\kranjbar\OneDrive - California OEHHA\Desktop\CES 4.0 Maps\CES 4.0 Final\CES 4.0 Final maps\CES 4.0 Final.gdb\CES4_final,Native_American,-1,-1;Asian_Amer "Asian_American" true true false 8 Double 0 0,First,#,C:\Users\kranjbar\OneDrive - California OEHHA\Desktop\CES 4.0 Maps\CES 4.0 Final\CES 4.0 Final maps\CES 4.0 Final.gdb\CES4_final,Asian_American,-1,-1;Pacific_Is "Pacific_Islander" true true false 8 Double 0 0,First,#,C:\Users\kranjbar\OneDrive - California OEHHA\Desktop\CES 4.0 Maps\CES 4.0 Final\CES 4.0 Final maps\CES 4.0 Final.gdb\CES4_final,Pacific_Islander,-1,-1;Other_Mult "Other_Multiple" true true false 8 Double 0 0,First,#,C:\Users\kranjbar\OneDrive - California OEHHA\Desktop\CES 4.0 Maps\CES 4.0 Final\CES 4.0 Final maps\CES 4.0 Final.gdb\CES4_final,Other_Multiple,-1,-1;Shape_Leng "Shape_Length" false true true 8 Double 0 0,First,#,C:\Users\kranjbar\OneDrive - California OEHHA\Desktop\CES 4.0 Maps\CES 4.0 Final\CES 4.0 Final maps\CES 4.0 Final.gdb\CES4_final,Shape_Length,-1,-1;Shape_Area "Shape_Area" false true true 8 Double 0 0,First,#,C:\Users\kranjbar\OneDrive - California OEHHA\Desktop\CES 4.0 Maps\CES 4.0 Final\CES 4.0 Final maps\CES 4.0 Final.gdb\CES4_final,Shape_Area,-1,-1" #</Process><Process ToolSource="c:\program files\arcgis\pro\Resources\ArcToolbox\toolboxes\Data Management Tools.tbx\JoinField" Date="20210908" Time="115930" Name="" export="">JoinField CES4_final Tract CES4DRAFT_NEWEST Tract County</Process><Process ToolSource="c:\program files\arcgis\pro\Resources\ArcToolbox\toolboxes\Data Management Tools.tbx\JoinField" Date="20210930" Time="110659">JoinField "CES4_final shp" Tract CESgeocenters_SpatialJoin1 tract City</Process><Process ToolSource="c:\program files\arcgis\pro\Resources\ArcToolbox\toolboxes\Data Management Tools.tbx\DeleteField" Date="20211004" Time="164622">DeleteField "CES4_final shp" City</Process></lineage><itemProps><itemLocation><linkage Sync="TRUE">file://\\RANJBAR-820G4\C$\Users\kranjbar\OneDrive - California OEHHA\Desktop\CES 4.0 Maps\CES 4.0 Final\CES 4.0 Final maps\CES4_final.shp</linkage><protocol Sync="TRUE">Local Area Network</protocol></itemLocation><itemName Sync="TRUE">CES4_final</itemName><imsContentType Sync="TRUE">002</imsContentType><itemSize Sync="TRUE">0.000</itemSize></itemProps><coordRef><type Sync="TRUE">Projected</type><geogcsn Sync="TRUE">GCS_North_American_1983</geogcsn><csUnits Sync="TRUE">Linear Unit: Meter (1.000000)</csUnits><projcsn Sync="TRUE">NAD_1983_California_Teale_Albers</projcsn><peXml Sync="TRUE">&lt;ProjectedCoordinateSystem xsi:type='typens:ProjectedCoordinateSystem' xmlns:xsi='http://www.w3.org/2001/XMLSchema-instance' xmlns:xs='http://www.w3.org/2001/XMLSchema' xmlns:typens='http://www.esri.com/schemas/ArcGIS/2.2.0'&gt;&lt;WKT&gt;PROJCS[&amp;quot;NAD_1983_California_Teale_Albers&amp;quot;,GEOGCS[&amp;quot;GCS_North_American_1983&amp;quot;,DATUM[&amp;quot;D_North_American_1983&amp;quot;,SPHEROID[&amp;quot;GRS_1980&amp;quot;,6378137.0,298.257222101]],PRIMEM[&amp;quot;Greenwich&amp;quot;,0.0],UNIT[&amp;quot;Degree&amp;quot;,0.0174532925199433]],PROJECTION[&amp;quot;Albers&amp;quot;],PARAMETER[&amp;quot;False_Easting&amp;quot;,0.0],PARAMETER[&amp;quot;False_Northing&amp;quot;,-4000000.0],PARAMETER[&amp;quot;Central_Meridian&amp;quot;,-120.0],PARAMETER[&amp;quot;Standard_Parallel_1&amp;quot;,34.0],PARAMETER[&amp;quot;Standard_Parallel_2&amp;quot;,40.5],PARAMETER[&amp;quot;Latitude_Of_Origin&amp;quot;,0.0],UNIT[&amp;quot;Meter&amp;quot;,1.0],AUTHORITY[&amp;quot;EPSG&amp;quot;,3310]]&lt;/WKT&gt;&lt;XOrigin&gt;-16909700&lt;/XOrigin&gt;&lt;YOrigin&gt;-8597000&lt;/YOrigin&gt;&lt;XYScale&gt;266332319.7555542&lt;/XYScale&gt;&lt;ZOrigin&gt;-100000&lt;/ZOrigin&gt;&lt;ZScale&gt;10000&lt;/ZScale&gt;&lt;MOrigin&gt;-100000&lt;/MOrigin&gt;&lt;MScale&gt;10000&lt;/MScale&gt;&lt;XYTolerance&gt;0.001&lt;/XYTolerance&gt;&lt;ZTolerance&gt;0.001&lt;/ZTolerance&gt;&lt;MTolerance&gt;0.001&lt;/MTolerance&gt;&lt;HighPrecision&gt;true&lt;/HighPrecision&gt;&lt;WKID&gt;3310&lt;/WKID&gt;&lt;LatestWKID&gt;3310&lt;/LatestWKID&gt;&lt;/ProjectedCoordinateSystem&gt;</peXml></coordRef></DataProperties><SyncDate>20210908</SyncDate><SyncTime>11532900</SyncTime><ModDate>20210908</ModDate><ModTime>13080200</ModTime><scaleRange><minScale>625000</minScale><maxScale>5000</maxScale></scaleRange></Esri><dataIdInfo><envirDesc Sync="TRUE">Microsoft Windows 10 Version 10.0 (Build 19042) ; Esri ArcGIS 12.2.0.12813</envirDesc><dataLang><languageCode value="eng" Sync="TRUE"/><countryCode value="USA" Sync="TRUE"/></dataLang><idCitation xmlns=""><resTitle Sync="FALSE">CES 4.0 Final Results</resTitle><presForm xmlns=""><PresFormCd value="005" Sync="TRUE"/></presForm></idCitation><spatRpType><SpatRepTypCd value="001" Sync="TRUE"/></spatRpType><idPurp>This file contains data used in the latest iteration of the California Communities Environmental Health Screening Tool (CalEnviroScreen 4.0)</idPurp><searchKeys><keyword>CalEnviroScreen 3.0</keyword><keyword>CalEnviroScreen 4.0</keyword><keyword>OEHHA</keyword><keyword>CalEPA</keyword><keyword>Environmental Justice</keyword></searchKeys><idAbs>&lt;DIV STYLE="text-align:Left;"&gt;&lt;DIV&gt;&lt;DIV&gt;&lt;P&gt;&lt;SPAN&gt;The Office of Environmental Health Hazard Assessment (OEHHA), on behalf of the California Environmental Protection Agency (CalEPA), announces the availability of the Communities Environmental Health Screening Tool: CalEnviroScreen Version 4.0. CalEnviroScreen is a screening methodology that can be used to help identify California communities that are disproportionately burdened by multiple sources of pollution. The 4.0 report and supporting documents are available at: http://oehha.ca.gov/calenviroscreen/report/calenviroscreen-40&lt;/SPAN&gt;&lt;/P&gt;&lt;/DIV&gt;&lt;/DIV&gt;&lt;/DIV&gt;</idAbs><idCredit>OEHHA, CalEPA</idCredit><resConst><Consts><useLimit>&lt;DIV STYLE="text-align:Left;"&gt;&lt;DIV&gt;&lt;DIV&gt;&lt;P STYLE="margin:0 0 0 0;"&gt;&lt;SPAN&gt;Review the CalEnviroScreen 4.0 report at: &lt;/SPAN&gt;&lt;A href="http://oehha.ca.gov/calenviroscreen/report/calenviroscreen-30" STYLE="text-decoration:underline;"&gt;&lt;SPAN STYLE="text-decoration:underline;"&gt;&lt;SPAN&gt;http://oehha.ca.gov/calenviroscreen/report/calenviroscreen-40 &lt;/SPAN&gt;&lt;/SPAN&gt;&lt;/A&gt;&lt;SPAN&gt;for guidance on CalEnviroScreen use. &lt;/SPAN&gt;&lt;/P&gt;&lt;/DIV&gt;&lt;/DIV&gt;&lt;/DIV&gt;</useLimit></Consts></resConst></dataIdInfo><mdLang><languageCode value="eng" Sync="TRUE"/><countryCode value="USA" Sync="TRUE"/></mdLang><distInfo><distFormat><formatName Sync="TRUE">Shapefile</formatName></distFormat><distTranOps><transSize Sync="TRUE">0.000</transSize></distTranOps></distInfo><mdHrLv><ScopeCd value="005" Sync="TRUE"/></mdHrLv><mdHrLvName Sync="TRUE">dataset</mdHrLvName><refSysInfo><RefSystem><refSysID><identCode code="3310" Sync="TRUE"/><idCodeSpace Sync="TRUE">EPSG</idCodeSpace><idVersion Sync="TRUE">6.8(9.2.0)</idVersion></refSysID></RefSystem></refSysInfo><spatRepInfo><VectSpatRep><geometObjs Name="CES4_final"><geoObjTyp><GeoObjTypCd value="002" Sync="TRUE"/></geoObjTyp><geoObjCnt Sync="TRUE">0</geoObjCnt></geometObjs><topLvl><TopoLevCd value="001" Sync="TRUE"/></topLvl></VectSpatRep></spatRepInfo><spdoinfo><ptvctinf><esriterm Name="CES4_final"><efeatyp Sync="TRUE">Simple</efeatyp><efeageom code="4" Sync="TRUE"/><esritopo Sync="TRUE">FALSE</esritopo><efeacnt Sync="TRUE">0</efeacnt><spindex Sync="TRUE">FALSE</spindex><linrefer Sync="TRUE">FALSE</linrefer></esriterm></ptvctinf></spdoinfo><eainfo><detailed Name="CES4_final" xmlns=""><enttyp><enttypl Sync="TRUE">CES4_final</enttypl><enttypt Sync="TRUE">Feature Class</enttypt><enttypc Sync="TRUE">0</enttypc></enttyp><attr xmlns=""><attrlabl Sync="TRUE">FID</attrlabl><attalias Sync="TRUE">FID</attalias><attrtype Sync="TRUE">OID</attrtype><attwidth Sync="TRUE">4</attwidth><atprecis Sync="TRUE">0</atprecis><attscale Sync="TRUE">0</attscale><attrdef Sync="TRUE">Internal feature number.</attrdef><attrdefs Sync="TRUE">Esri</attrdefs><attrdomv><udom Sync="TRUE">Sequential unique whole numbers that are automatically generated.</udom></attrdomv></attr><attr xmlns=""><attrlabl Sync="TRUE">Shape</attrlabl><attalias Sync="TRUE">Shape</attalias><attrtype Sync="TRUE">Geometry</attrtype><attwidth Sync="TRUE">0</attwidth><atprecis Sync="TRUE">0</atprecis><attscale Sync="TRUE">0</attscale><attrdef Sync="TRUE">Feature geometry.</attrdef><attrdefs Sync="TRUE">Esri</attrdefs><attrdomv><udom Sync="TRUE">Coordinates defining the features.</udom></attrdomv></attr><attr xmlns=""><attrlabl Sync="TRUE">Tract</attrlabl><attalias Sync="TRUE">Tract</attalias><attrtype Sync="TRUE">Double</attrtype><attwidth Sync="TRUE">19</attwidth><atprecis Sync="TRUE">0</atprecis><attscale Sync="TRUE">0</attscale><attrdef>Census tract ID from 2010 Census</attrdef></attr><attr xmlns=""><attrlabl Sync="TRUE">ZIP</attrlabl><attalias Sync="TRUE">ZIP</attalias><attrtype Sync="TRUE">String</attrtype><attwidth Sync="TRUE">254</attwidth><atprecis Sync="TRUE">0</atprecis><attscale Sync="TRUE">0</attscale><attrdef>Postal ZIP code that the census tract falls within</attrdef></attr><attr xmlns=""><attrlabl Sync="TRUE">City</attrlabl><attalias Sync="TRUE">City</attalias><attrtype Sync="TRUE">String</attrtype><attwidth Sync="TRUE">254</attwidth><atprecis Sync="TRUE">0</atprecis><attscale Sync="TRUE">0</attscale><attrdef>CIty or nearby city that the census tract falls within</attrdef></attr><attr xmlns=""><attrlabl Sync="TRUE">Population</attrlabl><attalias Sync="TRUE">Population</attalias><attrtype Sync="TRUE">Integer</attrtype><attwidth Sync="TRUE">10</attwidth><atprecis Sync="TRUE">10</atprecis><attscale Sync="TRUE">0</attscale><attrdef>2019 American Community Survey (ACS) population count</attrdef></attr><attr xmlns=""><attrlabl Sync="TRUE">CIscore</attrlabl><attalias Sync="TRUE">CIscore</attalias><attrtype Sync="TRUE">Double</attrtype><attwidth Sync="TRUE">19</attwidth><atprecis Sync="TRUE">0</atprecis><attscale Sync="TRUE">0</attscale><attrdef>CalEnviroScreen Score, Pollution Score multiplied by Population Characteristics Score</attrdef></attr><attr xmlns=""><attrlabl Sync="TRUE">CIscoreP</attrlabl><attalias Sync="TRUE">CIscoreP</attalias><attrtype Sync="TRUE">Double</attrtype><attwidth Sync="TRUE">19</attwidth><atprecis Sync="TRUE">0</atprecis><attscale Sync="TRUE">0</attscale><attrdef>Percentile rank of the CalEnviroScreen score</attrdef></attr><attr xmlns=""><attrlabl Sync="TRUE">Ozone</attrlabl><attalias Sync="TRUE">Ozone</attalias><attrtype Sync="TRUE">Double</attrtype><attwidth Sync="TRUE">19</attwidth><atprecis Sync="TRUE">0</atprecis><attscale Sync="TRUE">0</attscale><attrdef>Daily maximum 8 hour Ozone concentration </attrdef></attr><attr xmlns=""><attrlabl Sync="TRUE">Ozone_Pctl</attrlabl><attalias Sync="TRUE">Ozone_Pctl</attalias><attrtype Sync="TRUE">Double</attrtype><attwidth Sync="TRUE">19</attwidth><atprecis Sync="TRUE">0</atprecis><attscale Sync="TRUE">0</attscale><attrdef>Ozone percentile</attrdef></attr><attr xmlns=""><attrlabl Sync="TRUE">PM2_5</attrlabl><attalias Sync="TRUE">PM2_5</attalias><attrtype Sync="TRUE">Double</attrtype><attwidth Sync="TRUE">19</attwidth><atprecis Sync="TRUE">0</atprecis><attscale Sync="TRUE">0</attscale><attrdef>Annual mean PM 2.5 concentrations</attrdef></attr><attr xmlns=""><attrlabl Sync="TRUE">PM2_5_Pctl</attrlabl><attalias Sync="TRUE">PM2_5_Pctl</attalias><attrtype Sync="TRUE">Double</attrtype><attwidth Sync="TRUE">19</attwidth><atprecis Sync="TRUE">0</atprecis><attscale Sync="TRUE">0</attscale><attrdef>PM2.5 percentile</attrdef></attr><attr xmlns=""><attrlabl Sync="TRUE">Diesel_PM</attrlabl><attalias Sync="TRUE">Diesel_PM</attalias><attrtype Sync="TRUE">Double</attrtype><attwidth Sync="TRUE">19</attwidth><atprecis Sync="TRUE">0</atprecis><attscale Sync="TRUE">0</attscale><attrdef>Diesel PM emissions from on-road and non-road sources</attrdef></attr><attr xmlns=""><attrlabl Sync="FALSE">DieselPM_P</attrlabl><attalias Sync="FALSE">DieselPM_P</attalias><attrtype Sync="TRUE">Double</attrtype><attwidth Sync="TRUE">19</attwidth><atprecis Sync="TRUE">0</atprecis><attscale Sync="TRUE">0</attscale><attrdef>Diesel PM percentile</attrdef></attr><attr xmlns=""><attrlabl Sync="TRUE">Pesticides</attrlabl><attalias Sync="TRUE">Pesticides</attalias><attrtype Sync="TRUE">Double</attrtype><attwidth Sync="TRUE">19</attwidth><atprecis Sync="TRUE">0</atprecis><attscale Sync="TRUE">0</attscale><attrdef>Total pounds of selected active pesticide ingredients used in production-agriculture per square mile in the census tract</attrdef></attr><attr xmlns=""><attrlabl Sync="FALSE">Pesticid_P</attrlabl><attalias Sync="FALSE">Pesticid_P</attalias><attrtype Sync="TRUE">Double</attrtype><attwidth Sync="TRUE">19</attwidth><atprecis Sync="TRUE">0</atprecis><attscale Sync="TRUE">0</attscale><attrdef>Pesticides percentile</attrdef></attr><attr xmlns=""><attrlabl Sync="TRUE">Tox_Releas</attrlabl><attalias Sync="TRUE">Tox_Releas</attalias><attrtype Sync="TRUE">Double</attrtype><attwidth Sync="TRUE">19</attwidth><atprecis Sync="TRUE">0</atprecis><attscale Sync="TRUE">0</attscale><attrdef>Toxicity-weighted concentrations of modeled chemical releases to air from facility emissions and off-site incineration (from RSEI)</attrdef></attr><attr xmlns=""><attrlabl Sync="FALSE">Tox_Rel_P</attrlabl><attalias Sync="FALSE">Tox_Rel_P</attalias><attrtype Sync="TRUE">Double</attrtype><attwidth Sync="TRUE">19</attwidth><atprecis Sync="TRUE">0</atprecis><attscale Sync="TRUE">0</attscale><attrdef>Toxic release percentile</attrdef></attr><attr xmlns=""><attrlabl Sync="TRUE">Traffic</attrlabl><attalias Sync="TRUE">Traffic</attalias><attrtype Sync="TRUE">Double</attrtype><attwidth Sync="TRUE">19</attwidth><atprecis Sync="TRUE">0</atprecis><attscale Sync="TRUE">0</attscale><attrdef>Traffic density, in vehicle-kilometers per hour per road length, within 150 meters of the census tract boundary</attrdef></attr><attr xmlns=""><attrlabl Sync="FALSE">Traffic_P</attrlabl><attalias Sync="FALSE">Traffic_P</attalias><attrtype Sync="TRUE">Double</attrtype><attwidth Sync="TRUE">19</attwidth><atprecis Sync="TRUE">0</atprecis><attscale Sync="TRUE">0</attscale><attrdef>Traffic percentile</attrdef></attr><attr xmlns=""><attrlabl Sync="FALSE">Drink_Wat</attrlabl><attalias Sync="FALSE">Drink_Wat</attalias><attrtype Sync="TRUE">Double</attrtype><attwidth Sync="TRUE">19</attwidth><atprecis Sync="TRUE">0</atprecis><attscale Sync="TRUE">0</attscale><attrdef>Drinking water contaminant index for selected contaminants</attrdef></attr><attr xmlns=""><attrlabl Sync="FALSE">DrinkW_P</attrlabl><attalias Sync="FALSE">DrinkW_P</attalias><attrtype Sync="TRUE">Double</attrtype><attwidth Sync="TRUE">19</attwidth><atprecis Sync="TRUE">0</atprecis><attscale Sync="TRUE">0</attscale><attrdef>Drinking water percentile</attrdef></attr><attr xmlns=""><attrlabl Sync="TRUE">Lead</attrlabl><attalias Sync="TRUE">Lead</attalias><attrtype Sync="TRUE">Double</attrtype><attwidth Sync="TRUE">19</attwidth><atprecis Sync="TRUE">0</atprecis><attscale Sync="TRUE">0</attscale><attrdef>Potential risk for lead exposure in children living in low-income communities with older housing</attrdef></attr><attr xmlns=""><attrlabl Sync="TRUE">Lead_Pctl</attrlabl><attalias Sync="TRUE">Lead_Pctl</attalias><attrtype Sync="TRUE">Double</attrtype><attwidth Sync="TRUE">19</attwidth><atprecis Sync="TRUE">0</atprecis><attscale Sync="TRUE">0</attscale><attrdef>Children's lead risk from housing percentile</attrdef></attr><attr xmlns=""><attrlabl Sync="TRUE">Cleanups</attrlabl><attalias Sync="TRUE">Cleanups</attalias><attrtype Sync="TRUE">Double</attrtype><attwidth Sync="TRUE">19</attwidth><atprecis Sync="TRUE">0</atprecis><attscale Sync="TRUE">0</attscale><attrdef>Cleanup sites, sum of weighted EnviroStor cleanup sites within buffered distances to populated blocks of census tracts</attrdef></attr><attr xmlns=""><attrlabl Sync="TRUE">Cleanups_P</attrlabl><attalias Sync="TRUE">Cleanups_P</attalias><attrtype Sync="TRUE">Double</attrtype><attwidth Sync="TRUE">19</attwidth><atprecis Sync="TRUE">0</atprecis><attscale Sync="TRUE">0</attscale><attrdef>Cleanup sites percentile</attrdef></attr><attr xmlns=""><attrlabl Sync="FALSE">Groundwat</attrlabl><attalias Sync="FALSE">Groundwat</attalias><attrtype Sync="TRUE">Double</attrtype><attwidth Sync="TRUE">19</attwidth><atprecis Sync="TRUE">0</atprecis><attscale Sync="TRUE">0</attscale><attrdef>Groundwater threats, sum of weighted GeoTracker leaking underground storage tank sites within buffered distances to populated blocks of census tracts</attrdef></attr><attr xmlns=""><attrlabl Sync="FALSE">GW_ThreatP</attrlabl><attalias Sync="FALSE">GW_ThreatP</attalias><attrtype Sync="TRUE">Double</attrtype><attwidth Sync="TRUE">19</attwidth><atprecis Sync="TRUE">0</atprecis><attscale Sync="TRUE">0</attscale><attrdef>Groundwater threats percentile</attrdef></attr><attr xmlns=""><attrlabl Sync="TRUE">Haz_Waste</attrlabl><attalias Sync="TRUE">Haz_Waste</attalias><attrtype Sync="TRUE">Double</attrtype><attwidth Sync="TRUE">19</attwidth><atprecis Sync="TRUE">0</atprecis><attscale Sync="TRUE">0</attscale><attrdef>Sum of weighted hazardous waste facilities and large quantity generators within buffered distances to populated blocks of census tracts</attrdef></attr><attr xmlns=""><attrlabl Sync="FALSE">Haz_Wast_P</attrlabl><attalias Sync="FALSE">Haz_Wast_P</attalias><attrtype Sync="TRUE">Double</attrtype><attwidth Sync="TRUE">19</attwidth><atprecis Sync="TRUE">0</atprecis><attscale Sync="TRUE">0</attscale><attrdef>Hazardous waste percentile</attrdef></attr><attr xmlns=""><attrlabl Sync="FALSE">ImpWaterB</attrlabl><attalias Sync="FALSE">ImpWaterB</attalias><attrtype Sync="TRUE">Integer</attrtype><attwidth Sync="TRUE">10</attwidth><atprecis Sync="TRUE">10</atprecis><attscale Sync="TRUE">0</attscale><attrdef>Impaired water bodies, sum of number of pollutants across all impaired water bodies within buffered distances to populated blocks of census tracts</attrdef></attr><attr xmlns=""><attrlabl Sync="FALSE">ImpWater_P</attrlabl><attalias Sync="FALSE">ImpWater_P</attalias><attrtype Sync="TRUE">Double</attrtype><attwidth Sync="TRUE">19</attwidth><atprecis Sync="TRUE">0</atprecis><attscale Sync="TRUE">0</attscale><attrdef>Impaired water bodies percentile</attrdef></attr><attr xmlns=""><attrlabl Sync="TRUE">Solid_Wast</attrlabl><attalias Sync="TRUE">Solid_Wast</attalias><attrtype Sync="TRUE">Double</attrtype><attwidth Sync="TRUE">19</attwidth><atprecis Sync="TRUE">0</atprecis><attscale Sync="TRUE">0</attscale><attrdef>Sum of weighted solid waste sites and facilities (SWIS) within  buffered distances to populated blocks of census tracts</attrdef></attr><attr xmlns=""><attrlabl Sync="FALSE">SolidWas_P</attrlabl><attalias Sync="FALSE">SolidWas_P</attalias><attrtype Sync="TRUE">Double</attrtype><attwidth Sync="TRUE">19</attwidth><atprecis Sync="TRUE">0</atprecis><attscale Sync="TRUE">0</attscale><attrdef>Solid waste percentile</attrdef></attr><attr xmlns=""><attrlabl Sync="TRUE">Pollution</attrlabl><attalias Sync="TRUE">Pollution</attalias><attrtype Sync="TRUE">Double</attrtype><attwidth Sync="TRUE">19</attwidth><atprecis Sync="TRUE">0</atprecis><attscale Sync="TRUE">0</attscale></attr><attr xmlns=""><attrlabl Sync="FALSE">PolScore</attrlabl><attalias Sync="FALSE">PolScore</attalias><attrtype Sync="TRUE">Double</attrtype><attwidth Sync="TRUE">19</attwidth><atprecis Sync="TRUE">0</atprecis><attscale Sync="TRUE">0</attscale><attrdef>Average of percentiles from the Pollution Burden indicators (with a half weighting for the Environmental Effects indicators)
Pollution Burden variable scaled with a range of 0-10. (Used to calculate CES 4.0 Score)</attrdef></attr><attr xmlns=""><attrlabl Sync="FALSE">PollutionP</attrlabl><attalias Sync="FALSE">PollutionP</attalias><attrtype Sync="TRUE">Double</attrtype><attwidth Sync="TRUE">19</attwidth><atprecis Sync="TRUE">0</atprecis><attscale Sync="TRUE">0</attscale><attrdef>Pollution burden percentile</attrdef></attr><attr xmlns=""><attrlabl Sync="TRUE">Asthma</attrlabl><attalias Sync="TRUE">Asthma</attalias><attrtype Sync="TRUE">Double</attrtype><attwidth Sync="TRUE">19</attwidth><atprecis Sync="TRUE">0</atprecis><attscale Sync="TRUE">0</attscale><attrdef>Age-adjusted rate of emergency department visits for asthma</attrdef></attr><attr xmlns=""><attrlabl Sync="FALSE">Asthma_P</attrlabl><attalias Sync="FALSE">Asthma_P</attalias><attrtype Sync="TRUE">Double</attrtype><attwidth Sync="TRUE">19</attwidth><atprecis Sync="TRUE">0</atprecis><attscale Sync="TRUE">0</attscale><attrdef>Asthma percentile</attrdef></attr><attr xmlns=""><attrlabl Sync="FALSE">LowBirthW</attrlabl><attalias Sync="FALSE">LowBirthW</attalias><attrtype Sync="TRUE">Double</attrtype><attwidth Sync="TRUE">19</attwidth><atprecis Sync="TRUE">0</atprecis><attscale Sync="TRUE">0</attscale><attrdef>Percent low birth weight</attrdef></attr><attr xmlns=""><attrlabl Sync="FALSE">LowBirthWP</attrlabl><attalias Sync="FALSE">LowBirthWP</attalias><attrtype Sync="TRUE">Double</attrtype><attwidth Sync="TRUE">19</attwidth><atprecis Sync="TRUE">0</atprecis><attscale Sync="TRUE">0</attscale><attrdef>Low birth weight percentile</attrdef></attr><attr xmlns=""><attrlabl Sync="TRUE">Cardiovasc</attrlabl><attalias Sync="TRUE">Cardiovasc</attalias><attrtype Sync="TRUE">Double</attrtype><attwidth Sync="TRUE">19</attwidth><atprecis Sync="TRUE">0</atprecis><attscale Sync="TRUE">0</attscale><attrdef>Age-adjusted rate of emergency department visits for heart attacks per 10,000</attrdef></attr><attr xmlns=""><attrlabl Sync="FALSE">Cardiova_P</attrlabl><attalias Sync="FALSE">Cardiova_P</attalias><attrtype Sync="TRUE">Double</attrtype><attwidth Sync="TRUE">19</attwidth><atprecis Sync="TRUE">0</atprecis><attscale Sync="TRUE">0</attscale><attrdef>Cardiovascular disease percentile</attrdef></attr><attr xmlns=""><attrlabl Sync="TRUE">Education</attrlabl><attalias Sync="TRUE">Education</attalias><attrtype Sync="TRUE">Double</attrtype><attwidth Sync="TRUE">19</attwidth><atprecis Sync="TRUE">0</atprecis><attscale Sync="TRUE">0</attscale><attrdef>Percent of population over 25 with less than a high school education</attrdef></attr><attr xmlns=""><attrlabl Sync="FALSE">EducationP</attrlabl><attalias Sync="FALSE">EducationP</attalias><attrtype Sync="TRUE">Double</attrtype><attwidth Sync="TRUE">19</attwidth><atprecis Sync="TRUE">0</atprecis><attscale Sync="TRUE">0</attscale><attrdef>Education percentile</attrdef></attr><attr xmlns=""><attrlabl Sync="TRUE">Ling_Isol</attrlabl><attalias Sync="TRUE">Ling_Isol</attalias><attrtype Sync="TRUE">Double</attrtype><attwidth Sync="TRUE">19</attwidth><atprecis Sync="TRUE">0</atprecis><attscale Sync="TRUE">0</attscale><attrdef>Percent limited English speaking households</attrdef></attr><attr xmlns=""><attrlabl Sync="FALSE">Ling_IsolP</attrlabl><attalias Sync="FALSE">Ling_IsolP</attalias><attrtype Sync="TRUE">Double</attrtype><attwidth Sync="TRUE">19</attwidth><atprecis Sync="TRUE">0</atprecis><attscale Sync="TRUE">0</attscale><attrdef>Linguistic isolation percentile</attrdef></attr><attr xmlns=""><attrlabl Sync="TRUE">Poverty</attrlabl><attalias Sync="TRUE">Poverty</attalias><attrtype Sync="TRUE">Double</attrtype><attwidth Sync="TRUE">19</attwidth><atprecis Sync="TRUE">0</atprecis><attscale Sync="TRUE">0</attscale><attrdef>Percent of population living below two times the federal poverty level</attrdef></attr><attr xmlns=""><attrlabl Sync="FALSE">Poverty_P</attrlabl><attalias Sync="FALSE">Poverty_P</attalias><attrtype Sync="TRUE">Double</attrtype><attwidth Sync="TRUE">19</attwidth><atprecis Sync="TRUE">0</atprecis><attscale Sync="TRUE">0</attscale><attrdef>Poverty percentile</attrdef></attr><attr xmlns=""><attrlabl Sync="TRUE">Unemployme</attrlabl><attalias Sync="TRUE">Unemployme</attalias><attrtype Sync="TRUE">Double</attrtype><attwidth Sync="TRUE">19</attwidth><atprecis Sync="TRUE">0</atprecis><attscale Sync="TRUE">0</attscale><attrdef>Percent of the population over the age of 16 that is unemployed and eligible for the labor force</attrdef></attr><attr xmlns=""><attrlabl Sync="TRUE">Unemploy_P</attrlabl><attalias Sync="TRUE">Unemploy_P</attalias><attrtype Sync="TRUE">Double</attrtype><attwidth Sync="TRUE">19</attwidth><atprecis Sync="TRUE">0</atprecis><attscale Sync="TRUE">0</attscale><attrdef>Unemployment percentile</attrdef></attr><attr xmlns=""><attrlabl Sync="TRUE">HousBurd</attrlabl><attalias Sync="TRUE">HousBurd</attalias><attrtype Sync="TRUE">Double</attrtype><attwidth Sync="TRUE">19</attwidth><atprecis Sync="TRUE">0</atprecis><attscale Sync="TRUE">0</attscale><attrdef>Percent housing burdened low income households</attrdef></attr><attr xmlns=""><attrlabl Sync="TRUE">HousBurd_P</attrlabl><attalias Sync="TRUE">HousBurd_P</attalias><attrtype Sync="TRUE">Double</attrtype><attwidth Sync="TRUE">19</attwidth><atprecis Sync="TRUE">0</atprecis><attscale Sync="TRUE">0</attscale><attrdef>Housing burden percentile</attrdef></attr><attr xmlns=""><attrlabl Sync="TRUE">PopChar</attrlabl><attalias Sync="TRUE">PopChar</attalias><attrtype Sync="TRUE">Double</attrtype><attwidth Sync="TRUE">19</attwidth><atprecis Sync="TRUE">0</atprecis><attscale Sync="TRUE">0</attscale></attr><attr xmlns=""><attrlabl Sync="TRUE">PopCharSco</attrlabl><attalias Sync="TRUE">PopCharSco</attalias><attrtype Sync="TRUE">Double</attrtype><attwidth Sync="TRUE">19</attwidth><atprecis Sync="TRUE">0</atprecis><attscale Sync="TRUE">0</attscale><attrdef>Average of percentiles from the Population Characteristics indicators.
Population Characteristics variable scaled with a range of 0-10. (Used to calculate CES 4.0 Score)</attrdef></attr><attr xmlns=""><attrlabl Sync="TRUE">PopCharP</attrlabl><attalias Sync="TRUE">PopCharP</attalias><attrtype Sync="TRUE">Double</attrtype><attwidth Sync="TRUE">19</attwidth><atprecis Sync="TRUE">0</atprecis><attscale Sync="TRUE">0</attscale><attrdef>Population characteristics percentile</attrdef></attr><attr xmlns=""><attrlabl Sync="TRUE">Child_10</attrlabl><attalias Sync="TRUE">Child_10</attalias><attrtype Sync="TRUE">Double</attrtype><attwidth Sync="TRUE">19</attwidth><atprecis Sync="TRUE">0</atprecis><attscale Sync="TRUE">0</attscale><attrdef>Percent of total census tract population that is under 10 years old</attrdef></attr><attr xmlns=""><attrlabl Sync="TRUE">Pop_10_64</attrlabl><attalias Sync="TRUE">Pop_10_64</attalias><attrtype Sync="TRUE">Double</attrtype><attwidth Sync="TRUE">19</attwidth><atprecis Sync="TRUE">0</atprecis><attscale Sync="TRUE">0</attscale><attrdef>Percent of total census tract population that is between 10 and 64 years old</attrdef></attr><attr xmlns=""><attrlabl Sync="TRUE">Elderly_65</attrlabl><attalias Sync="TRUE">Elderly_65</attalias><attrtype Sync="TRUE">Double</attrtype><attwidth Sync="TRUE">19</attwidth><atprecis Sync="TRUE">0</atprecis><attscale Sync="TRUE">0</attscale><attrdef>Percent of total census tract population that is over 65 years old</attrdef></attr><attr xmlns=""><attrlabl Sync="TRUE">Hispanic</attrlabl><attalias Sync="TRUE">Hispanic</attalias><attrtype Sync="TRUE">Double</attrtype><attwidth Sync="TRUE">19</attwidth><atprecis Sync="TRUE">0</atprecis><attscale Sync="TRUE">0</attscale><attrdef>Percent of total census tract population that is Hispanic</attrdef></attr><attr xmlns=""><attrlabl Sync="TRUE">White</attrlabl><attalias Sync="TRUE">White</attalias><attrtype Sync="TRUE">Double</attrtype><attwidth Sync="TRUE">19</attwidth><atprecis Sync="TRUE">0</atprecis><attscale Sync="TRUE">0</attscale><attrdef>Percent of total census tract population that is white</attrdef></attr><attr xmlns=""><attrlabl Sync="TRUE">African_Am</attrlabl><attalias Sync="TRUE">African_Am</attalias><attrtype Sync="TRUE">Double</attrtype><attwidth Sync="TRUE">19</attwidth><atprecis Sync="TRUE">0</atprecis><attscale Sync="TRUE">0</attscale><attrdef>Percent of total census tract population that is African American</attrdef></attr><attr xmlns=""><attrlabl Sync="FALSE">Native_Am</attrlabl><attalias Sync="FALSE">Native_Am</attalias><attrtype Sync="TRUE">Double</attrtype><attwidth Sync="TRUE">19</attwidth><atprecis Sync="TRUE">0</atprecis><attscale Sync="TRUE">0</attscale><attrdef>Percent of total census tract population that is Native American</attrdef></attr><attr xmlns=""><attrlabl Sync="FALSE">Asian_Am</attrlabl><attalias Sync="FALSE">Asian_Am</attalias><attrtype Sync="TRUE">Double</attrtype><attwidth Sync="TRUE">19</attwidth><atprecis Sync="TRUE">0</atprecis><attscale Sync="TRUE">0</attscale><attrdef>Percent of total census tract population that is Asian American</attrdef></attr><attr xmlns=""><attrlabl Sync="TRUE">Pacific_Is</attrlabl><attalias Sync="TRUE">Pacific_Is</attalias><attrtype Sync="TRUE">Double</attrtype><attwidth Sync="TRUE">19</attwidth><atprecis Sync="TRUE">0</atprecis><attscale Sync="TRUE">0</attscale><attrdef>Percent of total census tract population that is Pacific Islander</attrdef></attr><attr xmlns=""><attrlabl Sync="TRUE">Other_Mult</attrlabl><attalias Sync="TRUE">Other_Mult</attalias><attrtype Sync="TRUE">Double</attrtype><attwidth Sync="TRUE">19</attwidth><atprecis Sync="TRUE">0</atprecis><attscale Sync="TRUE">0</attscale><attrdef>Percent of total census tract population that is either multiple races/ethnicities or identifies as a race/ethnicity not listed</attrdef></attr><attr xmlns=""><attrlabl Sync="TRUE">Shape_Leng</attrlabl><attalias Sync="TRUE">Shape_Leng</attalias><attrtype Sync="TRUE">Double</attrtype><attwidth Sync="TRUE">19</attwidth><atprecis Sync="TRUE">0</atprecis><attscale Sync="TRUE">0</attscale></attr><attr xmlns=""><attrlabl Sync="TRUE">Shape_Area</attrlabl><attalias Sync="TRUE">Shape_Area</attalias><attrtype Sync="TRUE">Double</attrtype><attwidth Sync="TRUE">19</attwidth><atprecis Sync="TRUE">0</atprecis><attscale Sync="TRUE">0</attscale><attrdef Sync="TRUE">Area of feature in internal units squared.</attrdef><attrdefs Sync="TRUE">Esri</attrdefs><attrdomv><udom Sync="TRUE">Positive real numbers that are automatically generated.</udom></attrdomv></attr></detailed></eainfo><mdDateSt Sync="TRUE">20210908</mdDateSt></metadata>
